alias,canonical
101Rh,Rh-101
101rh,Rh-101
102Rh,Rh-102
102Rh(m),Rh-102m
102RhM,Rh-102m
102Rhm,Rh-102m
102rh,Rh-102
102rh(m),Rh-102m
102rhm,Rh-102m
103Pd,Pd-103
103Rh(m),Rh-103m
103RhM,Rh-103m
103Rhm,Rh-103m
103Ru,Ru-103
103pd,Pd-103
103rh(m),Rh-103m
103rhm,Rh-103m
103ru,Ru-103
105Ag,Ag-105
105Rh,Rh-105
105Ru,Ru-105
105ag,Ag-105
105rh,Rh-105
105ru,Ru-105
107Pd,Pd-107
107pd,Pd-107
109Cd,Cd-109
109Pd,Pd-109
109cd,Cd-109
109pd,Pd-109
10Be,Be-10
10be,Be-10
110Ag(m),Ag-110m
110AgM,Ag-110m
110Agm,Ag-110m
110ag(m),Ag-110m
110agm,Ag-110m
111Ag,Ag-111
111In,In-111
111ag,Ag-111
111in,In-111
113Cd(m),Cd-113m
113CdM,Cd-113m
113Cdm,Cd-113m
113In(m),In-113m
113InM,In-113m
113Inm,In-113m
113Sn,Sn-113
113cd(m),Cd-113m
113cdm,Cd-113m
113in(m),In-113m
113inm,In-113m
113sn,Sn-113
114In(m),In-114m
114InM,In-114m
114Inm,In-114m
114in(m),In-114m
114inm,In-114m
115Cd,Cd-115
115Cd(m),Cd-115m
115CdM,Cd-115m
115Cdm,Cd-115m
115In(m),In-115m
115InM,In-115m
115Inm,In-115m
115cd,Cd-115
115cd(m),Cd-115m
115cdm,Cd-115m
115in(m),In-115m
115inm,In-115m
117Sn(m),Sn-117m
117SnM,Sn-117m
117Snm,Sn-117m
117sn(m),Sn-117m
117snm,Sn-117m
119Sn(m),Sn-119m
119SnM,Sn-119m
119Snm,Sn-119m
119sn(m),Sn-119m
119snm,Sn-119m
11C,C-11
11c,C-11
121Sn(m),Sn-121m
121SnM,Sn-121m
121Snm,Sn-121m
121Te,Te-121
121Te(m),Te-121m
121TeM,Te-121m
121Tem,Te-121m
121sn(m),Sn-121m
121snm,Sn-121m
121te,Te-121
121te(m),Te-121m
121tem,Te-121m
122Sb,Sb-122
122Xe,Xe-122
122sb,Sb-122
122xe,Xe-122
123I,I-123
123Sn,Sn-123
123Te(m),Te-123m
123TeM,Te-123m
123Tem,Te-123m
123Xe,Xe-123
123i,I-123
123sn,Sn-123
123te(m),Te-123m
123tem,Te-123m
123xe,Xe-123
124I,I-124
124Sb,Sb-124
124i,I-124
124sb,Sb-124
125I,I-125
125Sb,Sb-125
125Sn,Sn-125
125Te(m),Te-125m
125TeM,Te-125m
125Tem,Te-125m
125i,I-125
125sb,Sb-125
125sn,Sn-125
125te(m),Te-125m
125tem,Te-125m
126I,I-126
126Sb,Sb-126
126Sn,Sn-126
126i,I-126
126sb,Sb-126
126sn,Sn-126
127Te,Te-127
127Te(m),Te-127m
127TeM,Te-127m
127Tem,Te-127m
127Xe,Xe-127
127te,Te-127
127te(m),Te-127m
127tem,Te-127m
127xe,Xe-127
129Cs,Cs-129
129I,I-129
129Te,Te-129
129Te(m),Te-129m
129TeM,Te-129m
129Tem,Te-129m
129cs,Cs-129
129i,I-129
129te,Te-129
129te(m),Te-129m
129tem,Te-129m
131Ba,Ba-131
131Cs,Cs-131
131I,I-131
131Te(m),Te-131m
131TeM,Te-131m
131Tem,Te-131m
131Xe(m),Xe-131m
131XeM,Xe-131m
131Xem,Xe-131m
131ba,Ba-131
131cs,Cs-131
131i,I-131
131te(m),Te-131m
131tem,Te-131m
131xe(m),Xe-131m
131xem,Xe-131m
132Cs,Cs-132
132I,I-132
132Te,Te-132
132cs,Cs-132
132i,I-132
132te,Te-132
133Ba,Ba-133
133Ba(m),Ba-133m
133BaM,Ba-133m
133Bam,Ba-133m
133I,I-133
133Xe,Xe-133
133ba,Ba-133
133ba(m),Ba-133m
133bam,Ba-133m
133i,I-133
133xe,Xe-133
134Cs,Cs-134
134Cs(m),Cs-134m
134CsM,Cs-134m
134Csm,Cs-134m
134I,I-134
134cs,Cs-134
134cs(m),Cs-134m
134csm,Cs-134m
134i,I-134
135Cs,Cs-135
135I,I-135
135Xe,Xe-135
135cs,Cs-135
135i,I-135
135xe,Xe-135
136Cs,Cs-136
136cs,Cs-136
137La,La-137
137la,La-137
139Ce,Ce-139
139ce,Ce-139
13N,N-13
13n,N-13
140La,La-140
140la,La-140
141Ce,Ce-141
141ce,Ce-141
142Pr,Pr-142
142pr,Pr-142
143Ce,Ce-143
143Pm,Pm-143
143Pr,Pr-143
143ce,Ce-143
143pm,Pm-143
143pr,Pr-143
144Pm,Pm-144
144pm,Pm-144
145Pm,Pm-145
145Sm,Sm-145
145pm,Pm-145
145sm,Sm-145
146Gd,Gd-146
146gd,Gd-146
147Eu,Eu-147
147Nd,Nd-147
147Pm,Pm-147
147Sm,Sm-147
147eu,Eu-147
147nd,Nd-147
147pm,Pm-147
147sm,Sm-147
148Eu,Eu-148
148Gd,Gd-148
148Pm(m),Pm-148m
148PmM,Pm-148m
148Pmm,Pm-148m
148eu,Eu-148
148gd,Gd-148
148pm(m),Pm-148m
148pmm,Pm-148m
149Eu,Eu-149
149Nd,Nd-149
149Pm,Pm-149
149eu,Eu-149
149nd,Nd-149
149pm,Pm-149
14C,C-14
14c,C-14
151Pm,Pm-151
151Sm,Sm-151
151pm,Pm-151
151sm,Sm-151
152Eu,Eu-152
152Eu(m),Eu-152m
152EuM,Eu-152m
152Eum,Eu-152m
152eu,Eu-152
152eu(m),Eu-152m
152eum,Eu-152m
153Gd,Gd-153
153Sm,Sm-153
153gd,Gd-153
153sm,Sm-153
154Eu,Eu-154
154eu,Eu-154
155Eu,Eu-155
155eu,Eu-155
156Eu,Eu-156
156eu,Eu-156
157Tb,Tb-157
157tb,Tb-157
158Tb,Tb-158
158tb,Tb-158
159Dy,Dy-159
159Gd,Gd-159
159dy,Dy-159
159gd,Gd-159
160Tb,Tb-160
160tb,Tb-160
165Dy,Dy-165
165dy,Dy-165
166Dy,Dy-166
166Ho,Ho-166
166Ho(m),Ho-166m
166HoM,Ho-166m
166Hom,Ho-166m
166dy,Dy-166
166ho,Ho-166
166ho(m),Ho-166m
166hom,Ho-166m
167Tm,Tm-167
167tm,Tm-167
169Er,Er-169
169Yb,Yb-169
169er,Er-169
169yb,Yb-169
170Tm,Tm-170
170tm,Tm-170
171Er,Er-171
171Tm,Tm-171
171er,Er-171
171tm,Tm-171
172Hf,Hf-172
172Lu,Lu-172
172hf,Hf-172
172lu,Lu-172
173Lu,Lu-173
173lu,Lu-173
174Lu,Lu-174
174Lu(m),Lu-174m
174LuM,Lu-174m
174Lum,Lu-174m
174lu,Lu-174
174lu(m),Lu-174m
174lum,Lu-174m
175Hf,Hf-175
175Yb,Yb-175
175hf,Hf-175
175yb,Yb-175
177Lu,Lu-177
177lu,Lu-177
178W,W-178
178w,W-178
179Ta,Ta-179
179ta,Ta-179
181Hf,Hf-181
181W,W-181
181hf,Hf-181
181w,W-181
182Hf,Hf-182
182Ta,Ta-182
182hf,Hf-182
182ta,Ta-182
184Re,Re-184
184Re(m),Re-184m
184ReM,Re-184m
184Rem,Re-184m
184re,Re-184
184re(m),Re-184m
184rem,Re-184m
185Os,Os-185
185W,W-185
185os,Os-185
185w,W-185
186Re,Re-186
186re,Re-186
187Re,Re-187
187W,W-187
187re,Re-187
187w,W-187
188Pt,Pt-188
188Re,Re-188
188W,W-188
188pt,Pt-188
188re,Re-188
188w,W-188
189Ir,Ir-189
189Re,Re-189
189ir,Ir-189
189re,Re-189
18F,F-18
18f,F-18
190Ir,Ir-190
190ir,Ir-190
191Os,Os-191
191Os(m),Os-191m
191OsM,Os-191m
191Osm,Os-191m
191Pt,Pt-191
191os,Os-191
191os(m),Os-191m
191osm,Os-191m
191pt,Pt-191
192Ir,Ir-192
192ir,Ir-192
193Au,Au-193
193Os,Os-193
193Pt,Pt-193
193Pt(m),Pt-193m
193PtM,Pt-193m
193Ptm,Pt-193m
193au,Au-193
193os,Os-193
193pt,Pt-193
193pt(m),Pt-193m
193ptm,Pt-193m
194Au,Au-194
194Hg,Hg-194
194Ir,Ir-194
194Os,Os-194
194au,Au-194
194hg,Hg-194
194ir,Ir-194
194os,Os-194
195Au,Au-195
195Hg(m),Hg-195m
195HgM,Hg-195m
195Hgm,Hg-195m
195Pt(m),Pt-195m
195PtM,Pt-195m
195Ptm,Pt-195m
195au,Au-195
195hg(m),Hg-195m
195hgm,Hg-195m
195pt(m),Pt-195m
195ptm,Pt-195m
197Hg,Hg-197
197Hg(m),Hg-197m
197HgM,Hg-197m
197Hgm,Hg-197m
197Pt,Pt-197
197Pt(m),Pt-197m
197PtM,Pt-197m
197Ptm,Pt-197m
197hg,Hg-197
197hg(m),Hg-197m
197hgm,Hg-197m
197pt,Pt-197
197pt(m),Pt-197m
197ptm,Pt-197m
198Au,Au-198
198au,Au-198
199Au,Au-199
199au,Au-199
200Tl,Tl-200
200tl,Tl-200
201Pb,Pb-201
201Tl,Tl-201
201pb,Pb-201
201tl,Tl-201
202Pb,Pb-202
202Tl,Tl-202
202pb,Pb-202
202tl,Tl-202
203Hg,Hg-203
203Pb,Pb-203
203hg,Hg-203
203pb,Pb-203
204Tl,Tl-204
204tl,Tl-204
205Bi,Bi-205
205Pb,Pb-205
205bi,Bi-205
205pb,Pb-205
206Bi,Bi-206
206bi,Bi-206
207Bi,Bi-207
207bi,Bi-207
210Bi,Bi-210
210Bi(m),Bi-210m
210BiM,Bi-210m
210Bim,Bi-210m
210Po,Po-210
210bi,Bi-210
210bi(m),Bi-210m
210bim,Bi-210m
210po,Po-210
211At,At-211
211at,At-211
225Ac,Ac-225
225Ra,Ra-225
225ac,Ac-225
225ra,Ra-225
227Ac,Ac-227
227Th,Th-227
227ac,Ac-227
227th,Th-227
228Ac,Ac-228
228ac,Ac-228
229Th,Th-229
229th,Th-229
22Na,Na-22
22na,Na-22
230Pa,Pa-230
230Th,Th-230
230pa,Pa-230
230th,Th-230
231Pa,Pa-231
231Th,Th-231
231pa,Pa-231
231th,Th-231
232Th,Th-232
232th,Th-232
233Pa,Pa-233
233pa,Pa-233
235Np,Np-235
235np,Np-235
236Pu,Pu-236
236pu,Pu-236
237Np,Np-237
237Pu,Pu-237
237np,Np-237
237pu,Pu-237
238Pu,Pu-238
238pu,Pu-238
239Np,Np-239
239Pu,Pu-239
239np,Np-239
239pu,Pu-239
240Cm,Cm-240
240Pu,Pu-240
240cm,Cm-240
240pu,Pu-240
241Am,Am-241
241Cm,Cm-241
241Pu,Pu-241
241am,Am-241
241cm,Cm-241
241pu,Pu-241
242Cm,Cm-242
242Pu,Pu-242
242cm,Cm-242
242pu,Pu-242
243Cm,Cm-243
243cm,Cm-243
244Cm,Cm-244
244Pu,Pu-244
244cm,Cm-244
244pu,Pu-244
245Cm,Cm-245
245cm,Cm-245
246Cm,Cm-246
246cm,Cm-246
247Bk,Bk-247
247Cm,Cm-247
247bk,Bk-247
247cm,Cm-247
248Cf,Cf-248
248Cm,Cm-248
248cf,Cf-248
248cm,Cm-248
249Bk,Bk-249
249Cf,Cf-249
249bk,Bk-249
249cf,Cf-249
24Na,Na-24
24na,Na-24
250Cf,Cf-250
250cf,Cf-250
251Cf,Cf-251
251cf,Cf-251
252Cf,Cf-252
252cf,Cf-252
253Cf,Cf-253
253cf,Cf-253
254Cf,Cf-254
254cf,Cf-254
26Al,Al-26
26al,Al-26
28Mg,Mg-28
28mg,Mg-28
31Si,Si-31
31si,Si-31
32P,P-32
32Si,Si-32
32p,P-32
32si,Si-32
33P,P-33
33p,P-33
35S,S-35
35s,S-35
36Cl,Cl-36
36cl,Cl-36
37Ar,Ar-37
37ar,Ar-37
38Cl,Cl-38
38cl,Cl-38
39Ar,Ar-39
39ar,Ar-39
40K,K-40
40k,K-40
41Ar,Ar-41
41Ca,Ca-41
41ar,Ar-41
41ca,Ca-41
42K,K-42
42k,K-42
43K,K-43
43k,K-43
44Sc,Sc-44
44Ti,Ti-44
44sc,Sc-44
44ti,Ti-44
45Ca,Ca-45
45ca,Ca-45
46Sc,Sc-46
46sc,Sc-46
47Ca,Ca-47
47Sc,Sc-47
47ca,Ca-47
47sc,Sc-47
48Sc,Sc-48
48V,V-48
48sc,Sc-48
48v,V-48
49V,V-49
49v,V-49
51Cr,Cr-51
51cr,Cr-51
52Fe,Fe-52
52Mn,Mn-52
52fe,Fe-52
52mn,Mn-52
53Mn,Mn-53
53mn,Mn-53
54Mn,Mn-54
54mn,Mn-54
55Co,Co-55
55Fe,Fe-55
55co,Co-55
55fe,Fe-55
56Co,Co-56
56Mn,Mn-56
56co,Co-56
56mn,Mn-56
57Co,Co-57
57co,Co-57
58Co,Co-58
58Co(m),Co-58m
58CoM,Co-58m
58Com,Co-58m
58co,Co-58
58co(m),Co-58m
58com,Co-58m
59Fe,Fe-59
59Ni,Ni-59
59fe,Fe-59
59ni,Ni-59
60Co,Co-60
60Fe,Fe-60
60co,Co-60
60fe,Fe-60
63Ni,Ni-63
63ni,Ni-63
64Cu,Cu-64
64cu,Cu-64
65Ni,Ni-65
65Zn,Zn-65
65ni,Ni-65
65zn,Zn-65
67Cu,Cu-67
67Ga,Ga-67
67cu,Cu-67
67ga,Ga-67
68Ga,Ga-68
68Ge,Ge-68
68ga,Ga-68
68ge,Ge-68
69Zn,Zn-69
69Zn(m),Zn-69m
69ZnM,Zn-69m
69Znm,Zn-69m
69zn,Zn-69
69zn(m),Zn-69m
69znm,Zn-69m
71Ge,Ge-71
71ge,Ge-71
72As,As-72
72Ga,Ga-72
72as,As-72
72ga,Ga-72
73As,As-73
73as,As-73
74As,As-74
74as,As-74
75Se,Se-75
75se,Se-75
76As,As-76
76Br,Br-76
76as,As-76
76br,Br-76
77As,As-77
77Br,Br-77
77Ge,Ge-77
77as,As-77
77br,Br-77
77ge,Ge-77
79Kr,Kr-79
79Se,Se-79
79kr,Kr-79
79se,Se-79
7Be,Be-7
7be,Be-7
81Kr,Kr-81
81Rb,Rb-81
81kr,Kr-81
81rb,Rb-81
82Br,Br-82
82Sr,Sr-82
82br,Br-82
82sr,Sr-82
83Rb,Rb-83
83rb,Rb-83
84Rb,Rb-84
84rb,Rb-84
85Kr,Kr-85
85Kr(m),Kr-85m
85KrM,Kr-85m
85Krm,Kr-85m
85Sr,Sr-85
85Sr(m),Sr-85m
85SrM,Sr-85m
85Srm,Sr-85m
85kr,Kr-85
85kr(m),Kr-85m
85krm,Kr-85m
85sr,Sr-85
85sr(m),Sr-85m
85srm,Sr-85m
86Rb,Rb-86
86rb,Rb-86
87Kr,Kr-87
87Rb,Rb-87
87Sr(m),Sr-87m
87SrM,Sr-87m
87Srm,Sr-87m
87Y,Y-87
87kr,Kr-87
87rb,Rb-87
87sr(m),Sr-87m
87srm,Sr-87m
87y,Y-87
88Y,Y-88
88Zr,Zr-88
88y,Y-88
88zr,Zr-88
89Sr,Sr-89
89sr,Sr-89
90Y,Y-90
90y,Y-90
91Sr,Sr-91
91Y,Y-91
91Y(m),Y-91m
91YM,Y-91m
91Ym,Y-91m
91sr,Sr-91
91y,Y-91
91y(m),Y-91m
91ym,Y-91m
92Sr,Sr-92
92Y,Y-92
92sr,Sr-92
92y,Y-92
93Mo,Mo-93
93Nb(m),Nb-93m
93NbM,Nb-93m
93Nbm,Nb-93m
93Y,Y-93
93Zr,Zr-93
93mo,Mo-93
93nb(m),Nb-93m
93nbm,Nb-93m
93y,Y-93
93zr,Zr-93
94Nb,Nb-94
94nb,Nb-94
95Nb,Nb-95
95Tc(m),Tc-95m
95TcM,Tc-95m
95Tcm,Tc-95m
95Zr,Zr-95
95nb,Nb-95
95tc(m),Tc-95m
95tcm,Tc-95m
95zr,Zr-95
96Tc,Tc-96
96Tc(m),Tc-96m
96TcM,Tc-96m
96Tcm,Tc-96m
96tc,Tc-96
96tc(m),Tc-96m
96tcm,Tc-96m
97Nb,Nb-97
97Ru,Ru-97
97Tc,Tc-97
97Tc(m),Tc-97m
97TcM,Tc-97m
97Tcm,Tc-97m
97nb,Nb-97
97ru,Ru-97
97tc,Tc-97
97tc(m),Tc-97m
97tcm,Tc-97m
98Tc,Tc-98
98tc,Tc-98
99Mo,Mo-99
99Rh,Rh-99
99Tc,Tc-99
99Tc(m),Tc-99m
99TcM,Tc-99m
99Tcm,Tc-99m
99mo,Mo-99
99rh,Rh-99
99tc,Tc-99
99tc(m),Tc-99m
99tcm,Tc-99m
Ac-225,Ac-225
Ac-227,Ac-227
Ac-228,Ac-228
Ac225,Ac-225
Ac227,Ac-227
Ac228,Ac-228
Ag-105,Ag-105
Ag-110(m),Ag-110m
Ag-110M,Ag-110m
Ag-110m,Ag-110m
Ag-111,Ag-111
Ag105,Ag-105
Ag110(m),Ag-110m
Ag110M,Ag-110m
Ag110m,Ag-110m
Ag111,Ag-111
Al-26,Al-26
Al26,Al-26
Am-241,Am-241
Am241,Am-241
Ar-37,Ar-37
Ar-39,Ar-39
Ar-41,Ar-41
Ar37,Ar-37
Ar39,Ar-39
Ar41,Ar-41
As-72,As-72
As-73,As-73
As-74,As-74
As-76,As-76
As-77,As-77
As72,As-72
As73,As-73
As74,As-74
As76,As-76
As77,As-77
At-211,At-211
At211,At-211
Au-193,Au-193
Au-194,Au-194
Au-195,Au-195
Au-198,Au-198
Au-199,Au-199
Au193,Au-193
Au194,Au-194
Au195,Au-195
Au198,Au-198
Au199,Au-199
Ba-131,Ba-131
Ba-133,Ba-133
Ba-133(m),Ba-133m
Ba-133M,Ba-133m
Ba-133m,Ba-133m
Ba131,Ba-131
Ba133,Ba-133
Ba133(m),Ba-133m
Ba133M,Ba-133m
Ba133m,Ba-133m
Be-10,Be-10
Be-7,Be-7
Be10,Be-10
Be7,Be-7
Bi-205,Bi-205
Bi-206,Bi-206
Bi-207,Bi-207
Bi-210,Bi-210
Bi-210(m),Bi-210m
Bi-210M,Bi-210m
Bi-210m,Bi-210m
Bi205,Bi-205
Bi206,Bi-206
Bi207,Bi-207
Bi210,Bi-210
Bi210(m),Bi-210m
Bi210M,Bi-210m
Bi210m,Bi-210m
Bk-247,Bk-247
Bk-249,Bk-249
Bk247,Bk-247
Bk249,Bk-249
Br-76,Br-76
Br-77,Br-77
Br-82,Br-82
Br76,Br-76
Br77,Br-77
Br82,Br-82
C-11,C-11
C-14,C-14
C11,C-11
C14,C-14
Ca-41,Ca-41
Ca-45,Ca-45
Ca-47,Ca-47
Ca41,Ca-41
Ca45,Ca-45
Ca47,Ca-47
Cd-109,Cd-109
Cd-113(m),Cd-113m
Cd-113M,Cd-113m
Cd-113m,Cd-113m
Cd-115,Cd-115
Cd-115(m),Cd-115m
Cd-115M,Cd-115m
Cd-115m,Cd-115m
Cd109,Cd-109
Cd113(m),Cd-113m
Cd113M,Cd-113m
Cd113m,Cd-113m
Cd115,Cd-115
Cd115(m),Cd-115m
Cd115M,Cd-115m
Cd115m,Cd-115m
Ce-139,Ce-139
Ce-141,Ce-141
Ce-143,Ce-143
Ce139,Ce-139
Ce141,Ce-141
Ce143,Ce-143
Cf-248,Cf-248
Cf-249,Cf-249
Cf-250,Cf-250
Cf-251,Cf-251
Cf-252,Cf-252
Cf-253,Cf-253
Cf-254,Cf-254
Cf248,Cf-248
Cf249,Cf-249
Cf250,Cf-250
Cf251,Cf-251
Cf252,Cf-252
Cf253,Cf-253
Cf254,Cf-254
Cl-36,Cl-36
Cl-38,Cl-38
Cl36,Cl-36
Cl38,Cl-38
Cm-240,Cm-240
Cm-241,Cm-241
Cm-242,Cm-242
Cm-243,Cm-243
Cm-244,Cm-244
Cm-245,Cm-245
Cm-246,Cm-246
Cm-247,Cm-247
Cm-248,Cm-248
Cm240,Cm-240
Cm241,Cm-241
Cm242,Cm-242
Cm243,Cm-243
Cm244,Cm-244
Cm245,Cm-245
Cm246,Cm-246
Cm247,Cm-247
Cm248,Cm-248
Co-55,Co-55
Co-56,Co-56
Co-57,Co-57
Co-58,Co-58
Co-58(m),Co-58m
Co-58M,Co-58m
Co-58m,Co-58m
Co-60,Co-60
Co55,Co-55
Co56,Co-56
Co57,Co-57
Co58,Co-58
Co58(m),Co-58m
Co58M,Co-58m
Co58m,Co-58m
Co60,Co-60
Cr-51,Cr-51
Cr51,Cr-51
Cs-129,Cs-129
Cs-131,Cs-131
Cs-132,Cs-132
Cs-134,Cs-134
Cs-134(m),Cs-134m
Cs-134M,Cs-134m
Cs-134m,Cs-134m
Cs-135,Cs-135
Cs-136,Cs-136
Cs129,Cs-129
Cs131,Cs-131
Cs132,Cs-132
Cs134,Cs-134
Cs134(m),Cs-134m
Cs134M,Cs-134m
Cs134m,Cs-134m
Cs135,Cs-135
Cs136,Cs-136
Cu-64,Cu-64
Cu-67,Cu-67
Cu64,Cu-64
Cu67,Cu-67
Dy-159,Dy-159
Dy-165,Dy-165
Dy-166,Dy-166
Dy159,Dy-159
Dy165,Dy-165
Dy166,Dy-166
Er-169,Er-169
Er-171,Er-171
Er169,Er-169
Er171,Er-171
Eu-147,Eu-147
Eu-148,Eu-148
Eu-149,Eu-149
Eu-152,Eu-152
Eu-152(m),Eu-152m
Eu-152M,Eu-152m
Eu-152m,Eu-152m
Eu-154,Eu-154
Eu-155,Eu-155
Eu-156,Eu-156
Eu147,Eu-147
Eu148,Eu-148
Eu149,Eu-149
Eu152,Eu-152
Eu152(m),Eu-152m
Eu152M,Eu-152m
Eu152m,Eu-152m
Eu154,Eu-154
Eu155,Eu-155
Eu156,Eu-156
F-18,F-18
F18,F-18
Fe-52,Fe-52
Fe-55,Fe-55
Fe-59,Fe-59
Fe-60,Fe-60
Fe52,Fe-52
Fe55,Fe-55
Fe59,Fe-59
Fe60,Fe-60
Ga-67,Ga-67
Ga-68,Ga-68
Ga-72,Ga-72
Ga67,Ga-67
Ga68,Ga-68
Ga72,Ga-72
Gd-146,Gd-146
Gd-148,Gd-148
Gd-153,Gd-153
Gd-159,Gd-159
Gd146,Gd-146
Gd148,Gd-148
Gd153,Gd-153
Gd159,Gd-159
Ge-68,Ge-68
Ge-71,Ge-71
Ge-77,Ge-77
Ge68,Ge-68
Ge71,Ge-71
Ge77,Ge-77
Hf-172,Hf-172
Hf-175,Hf-175
Hf-181,Hf-181
Hf-182,Hf-182
Hf172,Hf-172
Hf175,Hf-175
Hf181,Hf-181
Hf182,Hf-182
Hg-194,Hg-194
Hg-195(m),Hg-195m
Hg-195M,Hg-195m
Hg-195m,Hg-195m
Hg-197,Hg-197
Hg-197(m),Hg-197m
Hg-197M,Hg-197m
Hg-197m,Hg-197m
Hg-203,Hg-203
Hg194,Hg-194
Hg195(m),Hg-195m
Hg195M,Hg-195m
Hg195m,Hg-195m
Hg197,Hg-197
Hg197(m),Hg-197m
Hg197M,Hg-197m
Hg197m,Hg-197m
Hg203,Hg-203
Ho-166,Ho-166
Ho-166(m),Ho-166m
Ho-166M,Ho-166m
Ho-166m,Ho-166m
Ho166,Ho-166
Ho166(m),Ho-166m
Ho166M,Ho-166m
Ho166m,Ho-166m
I-123,I-123
I-124,I-124
I-125,I-125
I-126,I-126
I-129,I-129
I-131,I-131
I-132,I-132
I-133,I-133
I-134,I-134
I-135,I-135
I123,I-123
I124,I-124
I125,I-125
I126,I-126
I129,I-129
I131,I-131
I132,I-132
I133,I-133
I134,I-134
I135,I-135
In-111,In-111
In-113(m),In-113m
In-113M,In-113m
In-113m,In-113m
In-114(m),In-114m
In-114M,In-114m
In-114m,In-114m
In-115(m),In-115m
In-115M,In-115m
In-115m,In-115m
In111,In-111
In113(m),In-113m
In113M,In-113m
In113m,In-113m
In114(m),In-114m
In114M,In-114m
In114m,In-114m
In115(m),In-115m
In115M,In-115m
In115m,In-115m
Ir-189,Ir-189
Ir-190,Ir-190
Ir-192,Ir-192
Ir-194,Ir-194
Ir189,Ir-189
Ir190,Ir-190
Ir192,Ir-192
Ir194,Ir-194
K-40,K-40
K-42,K-42
K-43,K-43
K40,K-40
K42,K-42
K43,K-43
Kr-79,Kr-79
Kr-81,Kr-81
Kr-85,Kr-85
Kr-85(m),Kr-85m
Kr-85M,Kr-85m
Kr-85m,Kr-85m
Kr-87,Kr-87
Kr79,Kr-79
Kr81,Kr-81
Kr85,Kr-85
Kr85(m),Kr-85m
Kr85M,Kr-85m
Kr85m,Kr-85m
Kr87,Kr-87
La-137,La-137
La-140,La-140
La137,La-137
La140,La-140
Lu-172,Lu-172
Lu-173,Lu-173
Lu-174,Lu-174
Lu-174(m),Lu-174m
Lu-174M,Lu-174m
Lu-174m,Lu-174m
Lu-177,Lu-177
Lu172,Lu-172
Lu173,Lu-173
Lu174,Lu-174
Lu174(m),Lu-174m
Lu174M,Lu-174m
Lu174m,Lu-174m
Lu177,Lu-177
Mg-28,Mg-28
Mg28,Mg-28
Mn-52,Mn-52
Mn-53,Mn-53
Mn-54,Mn-54
Mn-56,Mn-56
Mn52,Mn-52
Mn53,Mn-53
Mn54,Mn-54
Mn56,Mn-56
Mo-93,Mo-93
Mo-99,Mo-99
Mo93,Mo-93
Mo99,Mo-99
N-13,N-13
N13,N-13
Na-22,Na-22
Na-24,Na-24
Na22,Na-22
Na24,Na-24
Nb-93(m),Nb-93m
Nb-93M,Nb-93m
Nb-93m,Nb-93m
Nb-94,Nb-94
Nb-95,Nb-95
Nb-97,Nb-97
Nb93(m),Nb-93m
Nb93M,Nb-93m
Nb93m,Nb-93m
Nb94,Nb-94
Nb95,Nb-95
Nb97,Nb-97
Nd-147,Nd-147
Nd-149,Nd-149
Nd147,Nd-147
Nd149,Nd-149
Ni-59,Ni-59
Ni-63,Ni-63
Ni-65,Ni-65
Ni59,Ni-59
Ni63,Ni-63
Ni65,Ni-65
Np-235,Np-235
Np-237,Np-237
Np-239,Np-239
Np235,Np-235
Np237,Np-237
Np239,Np-239
Os-185,Os-185
Os-191,Os-191
Os-191(m),Os-191m
Os-191M,Os-191m
Os-191m,Os-191m
Os-193,Os-193
Os-194,Os-194
Os185,Os-185
Os191,Os-191
Os191(m),Os-191m
Os191M,Os-191m
Os191m,Os-191m
Os193,Os-193
Os194,Os-194
P-32,P-32
P-33,P-33
P32,P-32
P33,P-33
Pa-230,Pa-230
Pa-231,Pa-231
Pa-233,Pa-233
Pa230,Pa-230
Pa231,Pa-231
Pa233,Pa-233
Pb-201,Pb-201
Pb-202,Pb-202
Pb-203,Pb-203
Pb-205,Pb-205
Pb201,Pb-201
Pb202,Pb-202
Pb203,Pb-203
Pb205,Pb-205
Pd-103,Pd-103
Pd-107,Pd-107
Pd-109,Pd-109
Pd103,Pd-103
Pd107,Pd-107
Pd109,Pd-109
Pm-143,Pm-143
Pm-144,Pm-144
Pm-145,Pm-145
Pm-147,Pm-147
Pm-148(m),Pm-148m
Pm-148M,Pm-148m
Pm-148m,Pm-148m
Pm-149,Pm-149
Pm-151,Pm-151
Pm143,Pm-143
Pm144,Pm-144
Pm145,Pm-145
Pm147,Pm-147
Pm148(m),Pm-148m
Pm148M,Pm-148m
Pm148m,Pm-148m
Pm149,Pm-149
Pm151,Pm-151
Po-210,Po-210
Po210,Po-210
Pr-142,Pr-142
Pr-143,Pr-143
Pr142,Pr-142
Pr143,Pr-143
Pt-188,Pt-188
Pt-191,Pt-191
Pt-193,Pt-193
Pt-193(m),Pt-193m
Pt-193M,Pt-193m
Pt-193m,Pt-193m
Pt-195(m),Pt-195m
Pt-195M,Pt-195m
Pt-195m,Pt-195m
Pt-197,Pt-197
Pt-197(m),Pt-197m
Pt-197M,Pt-197m
Pt-197m,Pt-197m
Pt188,Pt-188
Pt191,Pt-191
Pt193,Pt-193
Pt193(m),Pt-193m
Pt193M,Pt-193m
Pt193m,Pt-193m
Pt195(m),Pt-195m
Pt195M,Pt-195m
Pt195m,Pt-195m
Pt197,Pt-197
Pt197(m),Pt-197m
Pt197M,Pt-197m
Pt197m,Pt-197m
Pu-236,Pu-236
Pu-237,Pu-237
Pu-238,Pu-238
Pu-239,Pu-239
Pu-240,Pu-240
Pu-241,Pu-241
Pu-242,Pu-242
Pu-244,Pu-244
Pu236,Pu-236
Pu237,Pu-237
Pu238,Pu-238
Pu239,Pu-239
Pu240,Pu-240
Pu241,Pu-241
Pu242,Pu-242
Pu244,Pu-244
Ra-225,Ra-225
Ra225,Ra-225
Rb-81,Rb-81
Rb-83,Rb-83
Rb-84,Rb-84
Rb-86,Rb-86
Rb-87,Rb-87
Rb81,Rb-81
Rb83,Rb-83
Rb84,Rb-84
Rb86,Rb-86
Rb87,Rb-87
Re-184,Re-184
Re-184(m),Re-184m
Re-184M,Re-184m
Re-184m,Re-184m
Re-186,Re-186
Re-187,Re-187
Re-188,Re-188
Re-189,Re-189
Re184,Re-184
Re184(m),Re-184m
Re184M,Re-184m
Re184m,Re-184m
Re186,Re-186
Re187,Re-187
Re188,Re-188
Re189,Re-189
Rh-101,Rh-101
Rh-102,Rh-102
Rh-102(m),Rh-102m
Rh-102M,Rh-102m
Rh-102m,Rh-102m
Rh-103(m),Rh-103m
Rh-103M,Rh-103m
Rh-103m,Rh-103m
Rh-105,Rh-105
Rh-99,Rh-99
Rh101,Rh-101
Rh102,Rh-102
Rh102(m),Rh-102m
Rh102M,Rh-102m
Rh102m,Rh-102m
Rh103(m),Rh-103m
Rh103M,Rh-103m
Rh103m,Rh-103m
Rh105,Rh-105
Rh99,Rh-99
Ru-103,Ru-103
Ru-105,Ru-105
Ru-97,Ru-97
Ru103,Ru-103
Ru105,Ru-105
Ru97,Ru-97
S-35,S-35
S35,S-35
Sb-122,Sb-122
Sb-124,Sb-124
Sb-125,Sb-125
Sb-126,Sb-126
Sb122,Sb-122
Sb124,Sb-124
Sb125,Sb-125
Sb126,Sb-126
Sc-44,Sc-44
Sc-46,Sc-46
Sc-47,Sc-47
Sc-48,Sc-48
Sc44,Sc-44
Sc46,Sc-46
Sc47,Sc-47
Sc48,Sc-48
Se-75,Se-75
Se-79,Se-79
Se75,Se-75
Se79,Se-79
Si-31,Si-31
Si-32,Si-32
Si31,Si-31
Si32,Si-32
Sm-145,Sm-145
Sm-147,Sm-147
Sm-151,Sm-151
Sm-153,Sm-153
Sm145,Sm-145
Sm147,Sm-147
Sm151,Sm-151
Sm153,Sm-153
Sn-113,Sn-113
Sn-117(m),Sn-117m
Sn-117M,Sn-117m
Sn-117m,Sn-117m
Sn-119(m),Sn-119m
Sn-119M,Sn-119m
Sn-119m,Sn-119m
Sn-121(m),Sn-121m
Sn-121M,Sn-121m
Sn-121m,Sn-121m
Sn-123,Sn-123
Sn-125,Sn-125
Sn-126,Sn-126
Sn113,Sn-113
Sn117(m),Sn-117m
Sn117M,Sn-117m
Sn117m,Sn-117m
Sn119(m),Sn-119m
Sn119M,Sn-119m
Sn119m,Sn-119m
Sn121(m),Sn-121m
Sn121M,Sn-121m
Sn121m,Sn-121m
Sn123,Sn-123
Sn125,Sn-125
Sn126,Sn-126
Sr-82,Sr-82
Sr-85,Sr-85
Sr-85(m),Sr-85m
Sr-85M,Sr-85m
Sr-85m,Sr-85m
Sr-87(m),Sr-87m
Sr-87M,Sr-87m
Sr-87m,Sr-87m
Sr-89,Sr-89
Sr-91,Sr-91
Sr-92,Sr-92
Sr82,Sr-82
Sr85,Sr-85
Sr85(m),Sr-85m
Sr85M,Sr-85m
Sr85m,Sr-85m
Sr87(m),Sr-87m
Sr87M,Sr-87m
Sr87m,Sr-87m
Sr89,Sr-89
Sr91,Sr-91
Sr92,Sr-92
Ta-179,Ta-179
Ta-182,Ta-182
Ta179,Ta-179
Ta182,Ta-182
Tb-157,Tb-157
Tb-158,Tb-158
Tb-160,Tb-160
Tb157,Tb-157
Tb158,Tb-158
Tb160,Tb-160
Tc-95(m),Tc-95m
Tc-95M,Tc-95m
Tc-95m,Tc-95m
Tc-96,Tc-96
Tc-96(m),Tc-96m
Tc-96M,Tc-96m
Tc-96m,Tc-96m
Tc-97,Tc-97
Tc-97(m),Tc-97m
Tc-97M,Tc-97m
Tc-97m,Tc-97m
Tc-98,Tc-98
Tc-99,Tc-99
Tc-99(m),Tc-99m
Tc-99M,Tc-99m
Tc-99m,Tc-99m
Tc95(m),Tc-95m
Tc95M,Tc-95m
Tc95m,Tc-95m
Tc96,Tc-96
Tc96(m),Tc-96m
Tc96M,Tc-96m
Tc96m,Tc-96m
Tc97,Tc-97
Tc97(m),Tc-97m
Tc97M,Tc-97m
Tc97m,Tc-97m
Tc98,Tc-98
Tc99,Tc-99
Tc99(m),Tc-99m
Tc99M,Tc-99m
Tc99m,Tc-99m
Te-121,Te-121
Te-121(m),Te-121m
Te-121M,Te-121m
Te-121m,Te-121m
Te-123(m),Te-123m
Te-123M,Te-123m
Te-123m,Te-123m
Te-125(m),Te-125m
Te-125M,Te-125m
Te-125m,Te-125m
Te-127,Te-127
Te-127(m),Te-127m
Te-127M,Te-127m
Te-127m,Te-127m
Te-129,Te-129
Te-129(m),Te-129m
Te-129M,Te-129m
Te-129m,Te-129m
Te-131(m),Te-131m
Te-131M,Te-131m
Te-131m,Te-131m
Te-132,Te-132
Te121,Te-121
Te121(m),Te-121m
Te121M,Te-121m
Te121m,Te-121m
Te123(m),Te-123m
Te123M,Te-123m
Te123m,Te-123m
Te125(m),Te-125m
Te125M,Te-125m
Te125m,Te-125m
Te127,Te-127
Te127(m),Te-127m
Te127M,Te-127m
Te127m,Te-127m
Te129,Te-129
Te129(m),Te-129m
Te129M,Te-129m
Te129m,Te-129m
Te131(m),Te-131m
Te131M,Te-131m
Te131m,Te-131m
Te132,Te-132
Th-227,Th-227
Th-229,Th-229
Th-230,Th-230
Th-231,Th-231
Th-232,Th-232
Th227,Th-227
Th229,Th-229
Th230,Th-230
Th231,Th-231
Th232,Th-232
Ti-44,Ti-44
Ti44,Ti-44
Tl-200,Tl-200
Tl-201,Tl-201
Tl-202,Tl-202
Tl-204,Tl-204
Tl200,Tl-200
Tl201,Tl-201
Tl202,Tl-202
Tl204,Tl-204
Tm-167,Tm-167
Tm-170,Tm-170
Tm-171,Tm-171
Tm167,Tm-167
Tm170,Tm-170
Tm171,Tm-171
V-48,V-48
V-49,V-49
V48,V-48
V49,V-49
W-178,W-178
W-181,W-181
W-185,W-185
W-187,W-187
W-188,W-188
W178,W-178
W181,W-181
W185,W-185
W187,W-187
W188,W-188
Xe-122,Xe-122
Xe-123,Xe-123
Xe-127,Xe-127
Xe-131(m),Xe-131m
Xe-131M,Xe-131m
Xe-131m,Xe-131m
Xe-133,Xe-133
Xe-135,Xe-135
Xe122,Xe-122
Xe123,Xe-123
Xe127,Xe-127
Xe131(m),Xe-131m
Xe131M,Xe-131m
Xe131m,Xe-131m
Xe133,Xe-133
Xe135,Xe-135
Y-87,Y-87
Y-88,Y-88
Y-90,Y-90
Y-91,Y-91
Y-91(m),Y-91m
Y-91M,Y-91m
Y-91m,Y-91m
Y-92,Y-92
Y-93,Y-93
Y87,Y-87
Y88,Y-88
Y90,Y-90
Y91,Y-91
Y91(m),Y-91m
Y91M,Y-91m
Y91m,Y-91m
Y92,Y-92
Y93,Y-93
Yb-169,Yb-169
Yb-175,Yb-175
Yb169,Yb-169
Yb175,Yb-175
Zn-65,Zn-65
Zn-69,Zn-69
Zn-69(m),Zn-69m
Zn-69M,Zn-69m
Zn-69m,Zn-69m
Zn65,Zn-65
Zn69,Zn-69
Zn69(m),Zn-69m
Zn69M,Zn-69m
Zn69m,Zn-69m
Zr-88,Zr-88
Zr-93,Zr-93
Zr-95,Zr-95
Zr88,Zr-88
Zr93,Zr-93
Zr95,Zr-95
ac-225,Ac-225
ac-227,Ac-227
ac-228,Ac-228
ac225,Ac-225
ac227,Ac-227
ac228,Ac-228
ag-105,Ag-105
ag-110(m),Ag-110m
ag-110m,Ag-110m
ag-111,Ag-111
ag105,Ag-105
ag110(m),Ag-110m
ag110m,Ag-110m
ag111,Ag-111
al-26,Al-26
al26,Al-26
aluminium-26,Al-26
aluminium26,Al-26
aluminum-26,Al-26
aluminum26,Al-26
am-241,Am-241
am241,Am-241
americium-241,Am-241
americium241,Am-241
antimony-122,Sb-122
antimony-124,Sb-124
antimony-125,Sb-125
antimony-126,Sb-126
antimony122,Sb-122
antimony124,Sb-124
antimony125,Sb-125
antimony126,Sb-126
ar-37,Ar-37
ar-39,Ar-39
ar-41,Ar-41
ar37,Ar-37
ar39,Ar-39
ar41,Ar-41
as-72,As-72
as-73,As-73
as-74,As-74
as-76,As-76
as-77,As-77
as72,As-72
as73,As-73
as74,As-74
as76,As-76
as77,As-77
at-211,At-211
at211,At-211
au-193,Au-193
au-194,Au-194
au-195,Au-195
au-198,Au-198
au-199,Au-199
au193,Au-193
au194,Au-194
au195,Au-195
au198,Au-198
au199,Au-199
ba-131,Ba-131
ba-133,Ba-133
ba-133(m),Ba-133m
ba-133m,Ba-133m
ba131,Ba-131
ba133,Ba-133
ba133(m),Ba-133m
ba133m,Ba-133m
barium-131,Ba-131
barium-133,Ba-133
barium-133(m),Ba-133m
barium-133M,Ba-133m
barium-133m,Ba-133m
barium131,Ba-131
barium133,Ba-133
barium133(m),Ba-133m
barium133M,Ba-133m
barium133m,Ba-133m
be-10,Be-10
be-7,Be-7
be10,Be-10
be7,Be-7
bi-205,Bi-205
bi-206,Bi-206
bi-207,Bi-207
bi-210,Bi-210
bi-210(m),Bi-210m
bi-210m,Bi-210m
bi205,Bi-205
bi206,Bi-206
bi207,Bi-207
bi210,Bi-210
bi210(m),Bi-210m
bi210m,Bi-210m
bk-247,Bk-247
bk-249,Bk-249
bk247,Bk-247
bk249,Bk-249
br-76,Br-76
br-77,Br-77
br-82,Br-82
br76,Br-76
br77,Br-77
br82,Br-82
c-11,C-11
c-14,C-14
c11,C-11
c14,C-14
ca-41,Ca-41
ca-45,Ca-45
ca-47,Ca-47
ca41,Ca-41
ca45,Ca-45
ca47,Ca-47
cadmium-109,Cd-109
cadmium-113(m),Cd-113m
cadmium-113M,Cd-113m
cadmium-113m,Cd-113m
cadmium-115,Cd-115
cadmium-115(m),Cd-115m
cadmium-115M,Cd-115m
cadmium-115m,Cd-115m
cadmium109,Cd-109
cadmium113(m),Cd-113m
cadmium113M,Cd-113m
cadmium113m,Cd-113m
cadmium115,Cd-115
cadmium115(m),Cd-115m
cadmium115M,Cd-115m
cadmium115m,Cd-115m
caesium-129,Cs-129
caesium-131,Cs-131
caesium-132,Cs-132
caesium-134,Cs-134
caesium-134(m),Cs-134m
caesium-134M,Cs-134m
caesium-134m,Cs-134m
caesium-135,Cs-135
caesium-136,Cs-136
caesium129,Cs-129
caesium131,Cs-131
caesium132,Cs-132
caesium134,Cs-134
caesium134(m),Cs-134m
caesium134M,Cs-134m
caesium134m,Cs-134m
caesium135,Cs-135
caesium136,Cs-136
carbon-11,C-11
carbon-14,C-14
carbon11,C-11
carbon14,C-14
cd-109,Cd-109
cd-113(m),Cd-113m
cd-113m,Cd-113m
cd-115,Cd-115
cd-115(m),Cd-115m
cd-115m,Cd-115m
cd109,Cd-109
cd113(m),Cd-113m
cd113m,Cd-113m
cd115,Cd-115
cd115(m),Cd-115m
cd115m,Cd-115m
ce-139,Ce-139
ce-141,Ce-141
ce-143,Ce-143
ce139,Ce-139
ce141,Ce-141
ce143,Ce-143
cerium-139,Ce-139
cerium-141,Ce-141
cerium-143,Ce-143
cerium139,Ce-139
cerium141,Ce-141
cerium143,Ce-143
cesium-129,Cs-129
cesium-131,Cs-131
cesium-132,Cs-132
cesium-134,Cs-134
cesium-134(m),Cs-134m
cesium-134M,Cs-134m
cesium-134m,Cs-134m
cesium-135,Cs-135
cesium-136,Cs-136
cesium129,Cs-129
cesium131,Cs-131
cesium132,Cs-132
cesium134,Cs-134
cesium134(m),Cs-134m
cesium134M,Cs-134m
cesium134m,Cs-134m
cesium135,Cs-135
cesium136,Cs-136
cf-248,Cf-248
cf-249,Cf-249
cf-250,Cf-250
cf-251,Cf-251
cf-252,Cf-252
cf-253,Cf-253
cf-254,Cf-254
cf248,Cf-248
cf249,Cf-249
cf250,Cf-250
cf251,Cf-251
cf252,Cf-252
cf253,Cf-253
cf254,Cf-254
cl-36,Cl-36
cl-38,Cl-38
cl36,Cl-36
cl38,Cl-38
cm-240,Cm-240
cm-241,Cm-241
cm-242,Cm-242
cm-243,Cm-243
cm-244,Cm-244
cm-245,Cm-245
cm-246,Cm-246
cm-247,Cm-247
cm-248,Cm-248
cm240,Cm-240
cm241,Cm-241
cm242,Cm-242
cm243,Cm-243
cm244,Cm-244
cm245,Cm-245
cm246,Cm-246
cm247,Cm-247
cm248,Cm-248
co-55,Co-55
co-56,Co-56
co-57,Co-57
co-58,Co-58
co-58(m),Co-58m
co-58m,Co-58m
co-60,Co-60
co55,Co-55
co56,Co-56
co57,Co-57
co58,Co-58
co58(m),Co-58m
co58m,Co-58m
co60,Co-60
cobalt-55,Co-55
cobalt-56,Co-56
cobalt-57,Co-57
cobalt-58,Co-58
cobalt-58(m),Co-58m
cobalt-58M,Co-58m
cobalt-58m,Co-58m
cobalt-60,Co-60
cobalt55,Co-55
cobalt56,Co-56
cobalt57,Co-57
cobalt58,Co-58
cobalt58(m),Co-58m
cobalt58M,Co-58m
cobalt58m,Co-58m
cobalt60,Co-60
cr-51,Cr-51
cr51,Cr-51
cs-129,Cs-129
cs-131,Cs-131
cs-132,Cs-132
cs-134,Cs-134
cs-134(m),Cs-134m
cs-134m,Cs-134m
cs-135,Cs-135
cs-136,Cs-136
cs129,Cs-129
cs131,Cs-131
cs132,Cs-132
cs134,Cs-134
cs134(m),Cs-134m
cs134m,Cs-134m
cs135,Cs-135
cs136,Cs-136
cu-64,Cu-64
cu-67,Cu-67
cu64,Cu-64
cu67,Cu-67
dy-159,Dy-159
dy-165,Dy-165
dy-166,Dy-166
dy159,Dy-159
dy165,Dy-165
dy166,Dy-166
er-169,Er-169
er-171,Er-171
er169,Er-169
er171,Er-171
eu-147,Eu-147
eu-148,Eu-148
eu-149,Eu-149
eu-152,Eu-152
eu-152(m),Eu-152m
eu-152m,Eu-152m
eu-154,Eu-154
eu-155,Eu-155
eu-156,Eu-156
eu147,Eu-147
eu148,Eu-148
eu149,Eu-149
eu152,Eu-152
eu152(m),Eu-152m
eu152m,Eu-152m
eu154,Eu-154
eu155,Eu-155
eu156,Eu-156
f-18,F-18
f18,F-18
fe-52,Fe-52
fe-55,Fe-55
fe-59,Fe-59
fe-60,Fe-60
fe52,Fe-52
fe55,Fe-55
fe59,Fe-59
fe60,Fe-60
ga-67,Ga-67
ga-68,Ga-68
ga-72,Ga-72
ga67,Ga-67
ga68,Ga-68
ga72,Ga-72
gd-146,Gd-146
gd-148,Gd-148
gd-153,Gd-153
gd-159,Gd-159
gd146,Gd-146
gd148,Gd-148
gd153,Gd-153
gd159,Gd-159
ge-68,Ge-68
ge-71,Ge-71
ge-77,Ge-77
ge68,Ge-68
ge71,Ge-71
ge77,Ge-77
hf-172,Hf-172
hf-175,Hf-175
hf-181,Hf-181
hf-182,Hf-182
hf172,Hf-172
hf175,Hf-175
hf181,Hf-181
hf182,Hf-182
hg-194,Hg-194
hg-195(m),Hg-195m
hg-195m,Hg-195m
hg-197,Hg-197
hg-197(m),Hg-197m
hg-197m,Hg-197m
hg-203,Hg-203
hg194,Hg-194
hg195(m),Hg-195m
hg195m,Hg-195m
hg197,Hg-197
hg197(m),Hg-197m
hg197m,Hg-197m
hg203,Hg-203
ho-166,Ho-166
ho-166(m),Ho-166m
ho-166m,Ho-166m
ho166,Ho-166
ho166(m),Ho-166m
ho166m,Ho-166m
i-123,I-123
i-124,I-124
i-125,I-125
i-126,I-126
i-129,I-129
i-131,I-131
i-132,I-132
i-133,I-133
i-134,I-134
i-135,I-135
i123,I-123
i124,I-124
i125,I-125
i126,I-126
i129,I-129
i131,I-131
i132,I-132
i133,I-133
i134,I-134
i135,I-135
in-111,In-111
in-113(m),In-113m
in-113m,In-113m
in-114(m),In-114m
in-114m,In-114m
in-115(m),In-115m
in-115m,In-115m
in111,In-111
in113(m),In-113m
in113m,In-113m
in114(m),In-114m
in114m,In-114m
in115(m),In-115m
in115m,In-115m
iodine-123,I-123
iodine-124,I-124
iodine-125,I-125
iodine-126,I-126
iodine-129,I-129
iodine-131,I-131
iodine-132,I-132
iodine-133,I-133
iodine-134,I-134
iodine-135,I-135
iodine123,I-123
iodine124,I-124
iodine125,I-125
iodine126,I-126
iodine129,I-129
iodine131,I-131
iodine132,I-132
iodine133,I-133
iodine134,I-134
iodine135,I-135
ir-189,Ir-189
ir-190,Ir-190
ir-192,Ir-192
ir-194,Ir-194
ir189,Ir-189
ir190,Ir-190
ir192,Ir-192
ir194,Ir-194
iron-52,Fe-52
iron-55,Fe-55
iron-59,Fe-59
iron-60,Fe-60
iron52,Fe-52
iron55,Fe-55
iron59,Fe-59
iron60,Fe-60
k-40,K-40
k-42,K-42
k-43,K-43
k40,K-40
k42,K-42
k43,K-43
kr-79,Kr-79
kr-81,Kr-81
kr-85,Kr-85
kr-85(m),Kr-85m
kr-85m,Kr-85m
kr-87,Kr-87
kr79,Kr-79
kr81,Kr-81
kr85,Kr-85
kr85(m),Kr-85m
kr85m,Kr-85m
kr87,Kr-87
krypton-79,Kr-79
krypton-81,Kr-81
krypton-85,Kr-85
krypton-85(m),Kr-85m
krypton-85M,Kr-85m
krypton-85m,Kr-85m
krypton-87,Kr-87
krypton79,Kr-79
krypton81,Kr-81
krypton85,Kr-85
krypton85(m),Kr-85m
krypton85M,Kr-85m
krypton85m,Kr-85m
krypton87,Kr-87
la-137,La-137
la-140,La-140
la137,La-137
la140,La-140
lu-172,Lu-172
lu-173,Lu-173
lu-174,Lu-174
lu-174(m),Lu-174m
lu-174m,Lu-174m
lu-177,Lu-177
lu172,Lu-172
lu173,Lu-173
lu174,Lu-174
lu174(m),Lu-174m
lu174m,Lu-174m
lu177,Lu-177
mg-28,Mg-28
mg28,Mg-28
mn-52,Mn-52
mn-53,Mn-53
mn-54,Mn-54
mn-56,Mn-56
mn52,Mn-52
mn53,Mn-53
mn54,Mn-54
mn56,Mn-56
mo-93,Mo-93
mo-99,Mo-99
mo93,Mo-93
mo99,Mo-99
molybdenum-93,Mo-93
molybdenum-99,Mo-99
molybdenum93,Mo-93
molybdenum99,Mo-99
n-13,N-13
n13,N-13
na-22,Na-22
na-24,Na-24
na22,Na-22
na24,Na-24
nb-93(m),Nb-93m
nb-93m,Nb-93m
nb-94,Nb-94
nb-95,Nb-95
nb-97,Nb-97
nb93(m),Nb-93m
nb93m,Nb-93m
nb94,Nb-94
nb95,Nb-95
nb97,Nb-97
nd-147,Nd-147
nd-149,Nd-149
nd147,Nd-147
nd149,Nd-149
ni-59,Ni-59
ni-63,Ni-63
ni-65,Ni-65
ni59,Ni-59
ni63,Ni-63
ni65,Ni-65
nickel-59,Ni-59
nickel-63,Ni-63
nickel-65,Ni-65
nickel59,Ni-59
nickel63,Ni-63
nickel65,Ni-65
niobium-93(m),Nb-93m
niobium-93M,Nb-93m
niobium-93m,Nb-93m
niobium-94,Nb-94
niobium-95,Nb-95
niobium-97,Nb-97
niobium93(m),Nb-93m
niobium93M,Nb-93m
niobium93m,Nb-93m
niobium94,Nb-94
niobium95,Nb-95
niobium97,Nb-97
np-235,Np-235
np-237,Np-237
np-239,Np-239
np235,Np-235
np237,Np-237
np239,Np-239
os-185,Os-185
os-191,Os-191
os-191(m),Os-191m
os-191m,Os-191m
os-193,Os-193
os-194,Os-194
os185,Os-185
os191,Os-191
os191(m),Os-191m
os191m,Os-191m
os193,Os-193
os194,Os-194
p-32,P-32
p-33,P-33
p32,P-32
p33,P-33
pa-230,Pa-230
pa-231,Pa-231
pa-233,Pa-233
pa230,Pa-230
pa231,Pa-231
pa233,Pa-233
pb-201,Pb-201
pb-202,Pb-202
pb-203,Pb-203
pb-205,Pb-205
pb201,Pb-201
pb202,Pb-202
pb203,Pb-203
pb205,Pb-205
pd-103,Pd-103
pd-107,Pd-107
pd-109,Pd-109
pd103,Pd-103
pd107,Pd-107
pd109,Pd-109
phosphorus-32,P-32
phosphorus-33,P-33
phosphorus32,P-32
phosphorus33,P-33
plutonium-236,Pu-236
plutonium-237,Pu-237
plutonium-238,Pu-238
plutonium-239,Pu-239
plutonium-240,Pu-240
plutonium-241,Pu-241
plutonium-242,Pu-242
plutonium-244,Pu-244
plutonium236,Pu-236
plutonium237,Pu-237
plutonium238,Pu-238
plutonium239,Pu-239
plutonium240,Pu-240
plutonium241,Pu-241
plutonium242,Pu-242
plutonium244,Pu-244
pm-143,Pm-143
pm-144,Pm-144
pm-145,Pm-145
pm-147,Pm-147
pm-148(m),Pm-148m
pm-148m,Pm-148m
pm-149,Pm-149
pm-151,Pm-151
pm143,Pm-143
pm144,Pm-144
pm145,Pm-145
pm147,Pm-147
pm148(m),Pm-148m
pm148m,Pm-148m
pm149,Pm-149
pm151,Pm-151
po-210,Po-210
po210,Po-210
pr-142,Pr-142
pr-143,Pr-143
pr142,Pr-142
pr143,Pr-143
promethium-143,Pm-143
promethium-144,Pm-144
promethium-145,Pm-145
promethium-147,Pm-147
promethium-148(m),Pm-148m
promethium-148M,Pm-148m
promethium-148m,Pm-148m
promethium-149,Pm-149
promethium-151,Pm-151
promethium143,Pm-143
promethium144,Pm-144
promethium145,Pm-145
promethium147,Pm-147
promethium148(m),Pm-148m
promethium148M,Pm-148m
promethium148m,Pm-148m
promethium149,Pm-149
promethium151,Pm-151
pt-188,Pt-188
pt-191,Pt-191
pt-193,Pt-193
pt-193(m),Pt-193m
pt-193m,Pt-193m
pt-195(m),Pt-195m
pt-195m,Pt-195m
pt-197,Pt-197
pt-197(m),Pt-197m
pt-197m,Pt-197m
pt188,Pt-188
pt191,Pt-191
pt193,Pt-193
pt193(m),Pt-193m
pt193m,Pt-193m
pt195(m),Pt-195m
pt195m,Pt-195m
pt197,Pt-197
pt197(m),Pt-197m
pt197m,Pt-197m
pu-236,Pu-236
pu-237,Pu-237
pu-238,Pu-238
pu-239,Pu-239
pu-240,Pu-240
pu-241,Pu-241
pu-242,Pu-242
pu-244,Pu-244
pu236,Pu-236
pu237,Pu-237
pu238,Pu-238
pu239,Pu-239
pu240,Pu-240
pu241,Pu-241
pu242,Pu-242
pu244,Pu-244
ra-225,Ra-225
ra225,Ra-225
radium-225,Ra-225
radium225,Ra-225
rb-81,Rb-81
rb-83,Rb-83
rb-84,Rb-84
rb-86,Rb-86
rb-87,Rb-87
rb81,Rb-81
rb83,Rb-83
rb84,Rb-84
rb86,Rb-86
rb87,Rb-87
re-184,Re-184
re-184(m),Re-184m
re-184m,Re-184m
re-186,Re-186
re-187,Re-187
re-188,Re-188
re-189,Re-189
re184,Re-184
re184(m),Re-184m
re184m,Re-184m
re186,Re-186
re187,Re-187
re188,Re-188
re189,Re-189
rh-101,Rh-101
rh-102,Rh-102
rh-102(m),Rh-102m
rh-102m,Rh-102m
rh-103(m),Rh-103m
rh-103m,Rh-103m
rh-105,Rh-105
rh-99,Rh-99
rh101,Rh-101
rh102,Rh-102
rh102(m),Rh-102m
rh102m,Rh-102m
rh103(m),Rh-103m
rh103m,Rh-103m
rh105,Rh-105
rh99,Rh-99
ru-103,Ru-103
ru-105,Ru-105
ru-97,Ru-97
ru103,Ru-103
ru105,Ru-105
ru97,Ru-97
ruthenium-103,Ru-103
ruthenium-105,Ru-105
ruthenium-97,Ru-97
ruthenium103,Ru-103
ruthenium105,Ru-105
ruthenium97,Ru-97
s-35,S-35
s35,S-35
sb-122,Sb-122
sb-124,Sb-124
sb-125,Sb-125
sb-126,Sb-126
sb122,Sb-122
sb124,Sb-124
sb125,Sb-125
sb126,Sb-126
sc-44,Sc-44
sc-46,Sc-46
sc-47,Sc-47
sc-48,Sc-48
sc44,Sc-44
sc46,Sc-46
sc47,Sc-47
sc48,Sc-48
se-75,Se-75
se-79,Se-79
se75,Se-75
se79,Se-79
si-31,Si-31
si-32,Si-32
si31,Si-31
si32,Si-32
sm-145,Sm-145
sm-147,Sm-147
sm-151,Sm-151
sm-153,Sm-153
sm145,Sm-145
sm147,Sm-147
sm151,Sm-151
sm153,Sm-153
sn-113,Sn-113
sn-117(m),Sn-117m
sn-117m,Sn-117m
sn-119(m),Sn-119m
sn-119m,Sn-119m
sn-121(m),Sn-121m
sn-121m,Sn-121m
sn-123,Sn-123
sn-125,Sn-125
sn-126,Sn-126
sn113,Sn-113
sn117(m),Sn-117m
sn117m,Sn-117m
sn119(m),Sn-119m
sn119m,Sn-119m
sn121(m),Sn-121m
sn121m,Sn-121m
sn123,Sn-123
sn125,Sn-125
sn126,Sn-126
sr-82,Sr-82
sr-85,Sr-85
sr-85(m),Sr-85m
sr-85m,Sr-85m
sr-87(m),Sr-87m
sr-87m,Sr-87m
sr-89,Sr-89
sr-91,Sr-91
sr-92,Sr-92
sr82,Sr-82
sr85,Sr-85
sr85(m),Sr-85m
sr85m,Sr-85m
sr87(m),Sr-87m
sr87m,Sr-87m
sr89,Sr-89
sr91,Sr-91
sr92,Sr-92
strontium-82,Sr-82
strontium-85,Sr-85
strontium-85(m),Sr-85m
strontium-85M,Sr-85m
strontium-85m,Sr-85m
strontium-87(m),Sr-87m
strontium-87M,Sr-87m
strontium-87m,Sr-87m
strontium-89,Sr-89
strontium-91,Sr-91
strontium-92,Sr-92
strontium82,Sr-82
strontium85,Sr-85
strontium85(m),Sr-85m
strontium85M,Sr-85m
strontium85m,Sr-85m
strontium87(m),Sr-87m
strontium87M,Sr-87m
strontium87m,Sr-87m
strontium89,Sr-89
strontium91,Sr-91
strontium92,Sr-92
sulfur-35,S-35
sulfur35,S-35
sulphur-35,S-35
sulphur35,S-35
ta-179,Ta-179
ta-182,Ta-182
ta179,Ta-179
ta182,Ta-182
tb-157,Tb-157
tb-158,Tb-158
tb-160,Tb-160
tb157,Tb-157
tb158,Tb-158
tb160,Tb-160
tc-95(m),Tc-95m
tc-95m,Tc-95m
tc-96,Tc-96
tc-96(m),Tc-96m
tc-96m,Tc-96m
tc-97,Tc-97
tc-97(m),Tc-97m
tc-97m,Tc-97m
tc-98,Tc-98
tc-99,Tc-99
tc-99(m),Tc-99m
tc-99m,Tc-99m
tc95(m),Tc-95m
tc95m,Tc-95m
tc96,Tc-96
tc96(m),Tc-96m
tc96m,Tc-96m
tc97,Tc-97
tc97(m),Tc-97m
tc97m,Tc-97m
tc98,Tc-98
tc99,Tc-99
tc99(m),Tc-99m
tc99m,Tc-99m
te-121,Te-121
te-121(m),Te-121m
te-121m,Te-121m
te-123(m),Te-123m
te-123m,Te-123m
te-125(m),Te-125m
te-125m,Te-125m
te-127,Te-127
te-127(m),Te-127m
te-127m,Te-127m
te-129,Te-129
te-129(m),Te-129m
te-129m,Te-129m
te-131(m),Te-131m
te-131m,Te-131m
te-132,Te-132
te121,Te-121
te121(m),Te-121m
te121m,Te-121m
te123(m),Te-123m
te123m,Te-123m
te125(m),Te-125m
te125m,Te-125m
te127,Te-127
te127(m),Te-127m
te127m,Te-127m
te129,Te-129
te129(m),Te-129m
te129m,Te-129m
te131(m),Te-131m
te131m,Te-131m
te132,Te-132
technetium-95(m),Tc-95m
technetium-95M,Tc-95m
technetium-95m,Tc-95m
technetium-96,Tc-96
technetium-96(m),Tc-96m
technetium-96M,Tc-96m
technetium-96m,Tc-96m
technetium-97,Tc-97
technetium-97(m),Tc-97m
technetium-97M,Tc-97m
technetium-97m,Tc-97m
technetium-98,Tc-98
technetium-99,Tc-99
technetium-99(m),Tc-99m
technetium-99M,Tc-99m
technetium-99m,Tc-99m
technetium95(m),Tc-95m
technetium95M,Tc-95m
technetium95m,Tc-95m
technetium96,Tc-96
technetium96(m),Tc-96m
technetium96M,Tc-96m
technetium96m,Tc-96m
technetium97,Tc-97
technetium97(m),Tc-97m
technetium97M,Tc-97m
technetium97m,Tc-97m
technetium98,Tc-98
technetium99,Tc-99
technetium99(m),Tc-99m
technetium99M,Tc-99m
technetium99m,Tc-99m
tellurium-121,Te-121
tellurium-121(m),Te-121m
tellurium-121M,Te-121m
tellurium-121m,Te-121m
tellurium-123(m),Te-123m
tellurium-123M,Te-123m
tellurium-123m,Te-123m
tellurium-125(m),Te-125m
tellurium-125M,Te-125m
tellurium-125m,Te-125m
tellurium-127,Te-127
tellurium-127(m),Te-127m
tellurium-127M,Te-127m
tellurium-127m,Te-127m
tellurium-129,Te-129
tellurium-129(m),Te-129m
tellurium-129M,Te-129m
tellurium-129m,Te-129m
tellurium-131(m),Te-131m
tellurium-131M,Te-131m
tellurium-131m,Te-131m
tellurium-132,Te-132
tellurium121,Te-121
tellurium121(m),Te-121m
tellurium121M,Te-121m
tellurium121m,Te-121m
tellurium123(m),Te-123m
tellurium123M,Te-123m
tellurium123m,Te-123m
tellurium125(m),Te-125m
tellurium125M,Te-125m
tellurium125m,Te-125m
tellurium127,Te-127
tellurium127(m),Te-127m
tellurium127M,Te-127m
tellurium127m,Te-127m
tellurium129,Te-129
tellurium129(m),Te-129m
tellurium129M,Te-129m
tellurium129m,Te-129m
tellurium131(m),Te-131m
tellurium131M,Te-131m
tellurium131m,Te-131m
tellurium132,Te-132
th-227,Th-227
th-229,Th-229
th-230,Th-230
th-231,Th-231
th-232,Th-232
th227,Th-227
th229,Th-229
th230,Th-230
th231,Th-231
th232,Th-232
thorium-227,Th-227
thorium-229,Th-229
thorium-230,Th-230
thorium-231,Th-231
thorium-232,Th-232
thorium227,Th-227
thorium229,Th-229
thorium230,Th-230
thorium231,Th-231
thorium232,Th-232
ti-44,Ti-44
ti44,Ti-44
tl-200,Tl-200
tl-201,Tl-201
tl-202,Tl-202
tl-204,Tl-204
tl200,Tl-200
tl201,Tl-201
tl202,Tl-202
tl204,Tl-204
tm-167,Tm-167
tm-170,Tm-170
tm-171,Tm-171
tm167,Tm-167
tm170,Tm-170
tm171,Tm-171
v-48,V-48
v-49,V-49
v48,V-48
v49,V-49
w-178,W-178
w-181,W-181
w-185,W-185
w-187,W-187
w-188,W-188
w178,W-178
w181,W-181
w185,W-185
w187,W-187
w188,W-188
xe-122,Xe-122
xe-123,Xe-123
xe-127,Xe-127
xe-131(m),Xe-131m
xe-131m,Xe-131m
xe-133,Xe-133
xe-135,Xe-135
xe122,Xe-122
xe123,Xe-123
xe127,Xe-127
xe131(m),Xe-131m
xe131m,Xe-131m
xe133,Xe-133
xe135,Xe-135
xenon-122,Xe-122
xenon-123,Xe-123
xenon-127,Xe-127
xenon-131(m),Xe-131m
xenon-131M,Xe-131m
xenon-131m,Xe-131m
xenon-133,Xe-133
xenon-135,Xe-135
xenon122,Xe-122
xenon123,Xe-123
xenon127,Xe-127
xenon131(m),Xe-131m
xenon131M,Xe-131m
xenon131m,Xe-131m
xenon133,Xe-133
xenon135,Xe-135
y-87,Y-87
y-88,Y-88
y-90,Y-90
y-91,Y-91
y-91(m),Y-91m
y-91m,Y-91m
y-92,Y-92
y-93,Y-93
y87,Y-87
y88,Y-88
y90,Y-90
y91,Y-91
y91(m),Y-91m
y91m,Y-91m
y92,Y-92
y93,Y-93
yb-169,Yb-169
yb-175,Yb-175
yb169,Yb-169
yb175,Yb-175
yttrium-87,Y-87
yttrium-88,Y-88
yttrium-90,Y-90
yttrium-91,Y-91
yttrium-91(m),Y-91m
yttrium-91M,Y-91m
yttrium-91m,Y-91m
yttrium-92,Y-92
yttrium-93,Y-93
yttrium87,Y-87
yttrium88,Y-88
yttrium90,Y-90
yttrium91,Y-91
yttrium91(m),Y-91m
yttrium91M,Y-91m
yttrium91m,Y-91m
yttrium92,Y-92
yttrium93,Y-93
zirconium-88,Zr-88
zirconium-93,Zr-93
zirconium-95,Zr-95
zirconium88,Zr-88
zirconium93,Zr-93
zirconium95,Zr-95
zn-65,Zn-65
zn-69,Zn-69
zn-69(m),Zn-69m
zn-69m,Zn-69m
zn65,Zn-65
zn69,Zn-69
zn69(m),Zn-69m
zn69m,Zn-69m
zr-88,Zr-88
zr-93,Zr-93
zr-95,Zr-95
zr88,Zr-88
zr93,Zr-93
zr95,Zr-95
Cs137,Cs-137
cs137,Cs-137
137Cs,Cs-137
137cs,Cs-137
